module,output,row,column,spring_ra,spring_dec,summer_ra,summer_dec,fall_ra,fall_dec,winter_ra,winter_dec
2,1,25,17,282.1189,45.1198,289.4729,38.4731,298.9464,43.2606,292.1364,50.5116
2,1,25,1106,283.1730,44.1797,290.7625,39.1335,298.1788,44.3278,290.5513,49.8664
2,1,535,550,282.0234,44.3086,290.4947,38.3265,299.2697,44.0403,290.8796,50.6731
2,1,1038,17,280.9000,44.4110,290.2546,37.5394,300.3250,43.7621,291.1911,51.4587
2,1,1038,1106,281.9606,43.4812,291.5357,38.1911,299.5763,44.8393,289.5860,50.8007
2,2,25,17,284.2032,43.2200,292.0902,39.7852,297.3754,45.4007,288.9927,49.1940
2,2,25,1106,283.1835,44.1701,290.7757,39.1401,298.1709,44.3386,290.5355,49.8598
2,2,535,550,283.0969,43.3389,291.8331,38.9958,298.4731,45.1440,289.2566,49.9899
2,2,1038,17,282.9992,42.5324,292.8529,38.8349,298.7913,45.9223,288.0107,50.1144
2,2,1038,1106,281.9712,43.4718,291.5487,38.1976,299.5686,44.8502,289.5700,50.7940
2,3,25,17,281.7181,41.7707,293.6591,37.7948,300.3628,46.4687,286.8996,51.1068
2,3,25,1106,280.6839,42.6982,292.3668,37.1665,301.1173,45.3867,288.4756,51.8009
2,3,535,550,281.8061,42.5824,292.6514,37.9690,300.0101,45.6922,288.1808,50.9879
2,3,1038,17,282.8943,42.4710,292.9193,38.7509,298.9174,45.9675,287.9221,50.1951
2,3,1038,1106,281.8662,43.4098,291.6157,38.1146,299.6925,44.8944,289.4833,50.8755
2,4,25,17,279.6081,43.6256,291.0830,36.5184,301.8500,44.2887,290.1174,52.4796
2,4,25,1106,280.6733,42.7075,292.3539,37.1601,301.1248,45.3758,288.4918,51.8078
2,4,535,550,280.7260,43.5402,291.3238,37.3095,300.7841,44.5778,289.8236,51.6856
2,4,1038,17,280.7950,44.3484,290.3221,37.4576,300.4465,43.8053,291.1065,51.5411
2,4,1038,1106,281.8556,43.4192,291.6027,38.1081,299.7001,44.8835,289.4993,50.8823
3,1,25,17,284.5551,42.8747,292.5702,40.0083,297.0897,45.7820,288.4462,48.9548
3,1,25,1106,285.5315,41.9123,293.9188,40.6318,296.2538,46.8368,286.9586,48.2629
3,1,535,550,284.4292,42.0659,293.6068,39.8330,297.4035,46.5665,287.2193,49.0785
3,1,1038,17,283.3511,42.1934,293.3251,39.0532,298.5148,46.3041,287.4629,49.8725
3,1,1038,1106,284.3350,41.2404,294.6628,39.6679,297.6994,47.3700,285.9607,49.1679
3,2,25,17,286.4874,40.9316,295.3070,41.2448,295.3766,47.8962,285.4963,47.5456
3,2,25,1106,285.5412,41.9025,293.9326,40.6380,296.2452,46.8474,286.9438,48.2558
3,2,535,550,285.4252,41.0735,295.0053,40.4634,296.5346,47.6574,285.6985,48.3483
3,2,1038,17,285.3000,40.2695,296.0381,40.2729,296.8417,48.4406,284.4866,48.4370
3,2,1038,1106,284.3448,41.2307,294.6764,39.6740,297.6910,47.3807,285.9457,49.1607
3,3,25,17,284.0387,39.5371,296.8085,39.2139,298.4656,49.0103,283.3496,49.3930
3,3,25,1106,283.0756,40.4871,295.4617,38.6236,299.2914,47.9395,284.8194,50.1314
3,3,535,550,284.1549,40.3465,295.7895,39.4174,298.1211,48.2287,284.5931,49.3107
3,3,1038,17,285.2015,40.2119,296.1004,40.1911,296.9662,48.4869,284.3980,48.5112
3,3,1038,1106,284.2454,41.1723,294.7398,39.5926,297.8141,47.4261,285.8580,49.2363
3,4,25,17,282.0755,41.4387,294.1235,38.0124,300.0905,46.8518,286.3507,50.8573
3,4,25,1106,283.0658,40.4967,295.4482,38.6176,299.2995,47.9286,284.8345,50.1387
3,4,535,550,283.1506,41.3278,294.4048,38.7962,298.9667,47.1259,286.1275,50.0556
3,4,1038,17,283.2509,42.1341,293.3895,38.9724,298.6364,46.3485,287.3763,49.9494
3,4,1038,1106,284.2356,41.1819,294.7262,39.5865,297.8225,47.4154,285.8730,49.2435
4,1,25,17,286.8221,40.5848,295.8020,41.4604,295.0536,48.2676,284.9917,47.2850
4,1,25,1106,287.7315,39.6036,297.2113,42.0445,294.1355,49.3071,283.5969,46.5509
4,1,535,550,286.6723,39.7786,296.8519,41.2553,295.3523,49.0575,283.7974,47.3732
4,1,1038,17,285.6355,39.9278,296.5257,40.4841,296.5278,48.8142,283.9808,48.1734
4,1,1038,1106,286.5529,38.9552,297.9212,41.0593,295.6312,49.8660,282.5758,47.4270
4,2,25,17,288.6236,38.6052,298.6613,42.6162,293.1689,50.3497,282.2258,45.7930
4,2,25,1106,287.7405,39.5937,297.2257,42.0503,294.1260,49.3175,283.5830,46.5434
4,2,535,550,287.6012,38.7671,298.3117,41.8442,294.3959,50.1327,282.3733,46.6008
4,2,1038,17,287.4541,37.9656,299.3554,41.6230,294.6852,50.9212,281.1969,46.6562
4,2,1038,1106,286.5620,38.9453,297.9354,41.0651,295.6220,49.8766,282.5618,47.4194
4,3,25,17,286.2050,37.2587,300.0842,40.5381,296.3766,51.5182,280.0427,47.5845
4,3,25,1106,285.3056,38.2284,298.6818,39.9897,297.2866,50.4609,281.4145,48.3609
4,3,535,550,286.3450,38.0651,299.0568,40.7728,296.0446,50.7313,281.2467,47.5349
4,3,1038,17,287.3531,37.9094,299.4148,41.5362,294.8192,50.9699,281.1059,46.7310
4,3,1038,1106,286.4612,38.8887,297.9957,40.9798,295.7528,49.9240,282.4720,47.4946
4,4,25,17,284.3733,39.2012,297.2877,39.4195,298.1643,49.3857,282.8434,49.1274
4,4,25,1106,285.2964,38.2382,298.6677,39.9840,297.2956,50.4502,281.4285,48.3686
4,4,535,550,285.4084,39.0671,297.6133,40.1941,296.9746,49.6425,282.6806,48.3205
4,4,1038,17,285.5351,39.8709,296.5868,40.4004,296.6554,48.8602,283.8925,48.2490
4,4,1038,1106,286.4521,38.8986,297.9815,40.9741,295.7620,49.9134,282.4861,47.5022
6,1,25,17,284.9869,47.2886,286.8175,40.5820,295.8052,41.4566,295.0596,48.2703
6,1,25,1106,283.5914,46.5553,287.7257,39.6005,297.2148,42.0397,294.1430,49.3103
6,1,535,550,283.7929,47.3774,286.6669,39.7761,296.8545,41.2509,295.3594,49.0599
6,1,1038,17,283.9772,48.1775,285.6305,39.9259,296.5275,40.4800,296.5346,48.8159
6,1,1038,1106,282.5713,47.4319,286.5466,38.9528,297.9234,41.0543,295.6395,49.8682
6,2,25,17,282.2194,45.7983,288.6165,38.6017,298.6651,42.6103,293.1780,50.3534
6,2,25,1106,283.5775,46.5478,287.7347,39.5905,297.2292,42.0455,294.1335,49.3207
6,2,535,550,282.3678,46.6059,287.5946,38.7641,298.3147,41.8388,294.4046,50.1356
6,2,1038,17,281.1915,46.6619,287.4467,37.9628,299.3579,41.6168,294.6952,50.9239
6,2,1038,1106,282.5573,47.4243,286.5558,38.9429,297.9376,41.0600,295.6303,49.8788
6,3,25,17,280.0365,47.5899,286.1981,37.2556,300.0871,40.5322,296.3865,51.5211
6,3,25,1106,281.4089,48.3661,285.2990,38.2255,298.6844,39.9842,297.2959,50.4634
6,3,535,550,281.2409,47.5401,286.3384,38.0621,299.0597,40.7672,296.0538,50.7342
6,3,1038,17,281.0998,46.7362,287.3464,37.9062,299.4180,41.5305,294.8284,50.9731
6,3,1038,1106,282.4664,47.4996,286.4548,38.8857,297.9988,40.9744,295.7615,49.9269
6,4,25,17,282.8385,49.1326,284.3669,39.1985,297.2901,39.4143,298.1730,49.3879
6,4,25,1106,281.4230,48.3739,285.2898,38.2353,298.6703,39.9785,297.3048,50.4527
6,4,535,550,282.6753,48.3255,285.4021,39.0643,297.6161,40.1889,296.9832,49.6451
6,4,1038,17,283.8874,48.2539,285.5290,39.8680,296.5898,40.3954,296.6636,48.8628
6,4,1038,1106,282.4804,47.5073,286.4457,38.8955,297.9846,40.9687,295.7707,49.9163
7,1,25,17,285.3535,46.8751,287.3715,40.8205,295.5448,41.8987,294.3991,48.0721
7,1,25,1106,286.3890,45.9076,288.6830,41.5070,294.7319,42.9407,292.8637,47.4550
7,1,535,550,285.2114,46.0669,288.4334,40.6950,295.8146,42.6879,293.2100,48.2554
7,1,1038,17,284.0586,46.1984,288.2117,39.9033,296.8626,42.4438,293.5396,49.0352
7,1,1038,1106,285.1038,45.2418,289.5147,40.5802,296.0652,43.4959,291.9847,48.4066
7,2,25,17,287.3980,44.9207,290.0365,42.1844,293.8832,43.9875,291.3490,46.8118
7,2,25,1106,286.3992,45.8977,288.6964,41.5138,294.7236,42.9512,292.8484,47.4486
7,2,535,550,286.2661,45.0694,289.7962,41.3903,294.9696,43.7652,291.6352,47.6023
7,2,1038,17,286.1242,44.2661,290.8576,41.2487,295.2312,44.5527,290.4532,47.7509
7,2,1038,1106,285.1142,45.2321,289.5280,40.5869,296.0570,43.5065,291.9692,48.4001
7,3,25,17,284.7724,43.5398,291.7227,40.2258,296.7250,45.1480,289.4435,48.7630
7,3,25,1106,283.7539,44.4937,290.4047,39.5747,297.5315,44.0913,290.9771,49.4246
7,3,535,550,284.9032,44.3485,290.6749,40.3821,296.4310,44.3611,290.6571,48.6179
7,3,1038,17,286.0169,44.2081,290.9286,41.1686,295.3475,44.6018,290.3730,47.8307
7,3,1038,1106,285.0073,45.1738,289.5990,40.5085,296.1707,43.5541,291.8913,48.4801
7,4,25,17,282.6915,45.4481,289.0982,38.9026,298.3165,43.0181,292.5686,50.0713
7,4,25,1106,283.7434,44.5033,290.3915,39.5680,297.5395,44.0806,290.9928,49.4312
7,4,535,550,283.8395,45.3341,289.3224,39.6981,297.2566,43.2726,292.2523,49.2833
7,4,1038,17,283.9524,46.1399,288.2826,39.8266,296.9736,42.4900,293.4643,49.1151
7,4,1038,1106,284.9970,45.1835,289.5857,40.5018,296.1789,43.5435,291.9068,48.4865
8,1,25,17,287.7499,44.5586,290.5370,42.4221,293.5737,44.3673,290.8059,46.5777
8,1,25,1106,288.7028,43.5700,291.9163,43.0703,292.6928,45.3952,289.3545,45.9153
8,1,535,550,287.5789,43.7537,291.6182,42.2662,293.8295,45.1610,289.6395,46.7253
8,1,1038,17,286.4777,43.9101,291.3509,41.4814,294.9294,44.9340,289.9077,47.5140
8,1,1038,1106,287.4411,42.9313,292.7188,42.1198,294.0647,45.9729,288.4413,46.8403
8,2,25,17,289.6335,42.5633,293.3395,43.7075,291.7706,46.4266,287.9232,45.2285
8,2,25,1106,288.7123,43.5600,291.9304,43.0768,292.6837,45.4055,289.3400,45.9086
8,2,535,550,288.5513,42.7348,293.0500,42.9210,292.9123,46.2236,288.1529,46.0267
8,2,1038,17,288.3834,41.9347,294.1285,42.7479,293.1579,47.0154,286.9974,46.1412
8,2,1038,1106,287.4506,42.9214,292.7328,42.1262,294.0558,45.9834,288.4267,46.8334
8,3,25,17,287.0528,41.2374,294.9573,41.6992,294.6999,47.6350,285.9574,47.1243
8,3,25,1106,286.1103,42.2128,293.5770,41.0879,295.5780,46.5916,287.3990,47.8291
8,3,535,550,287.2106,42.0429,293.8948,41.8867,294.4192,46.8437,287.1415,47.0140
8,3,1038,17,288.2769,41.8795,294.1959,42.6650,293.2788,47.0658,286.9156,46.2194
8,3,1038,1106,287.3440,42.8656,292.8010,42.0447,294.1745,46.0325,288.3463,46.9121
8,4,25,17,285.1291,43.1902,292.2084,40.4546,296.4303,45.5307,288.8955,48.5215
8,4,25,1106,286.1006,42.2226,293.5631,41.0816,295.5867,46.5810,287.4138,47.8361
8,4,535,550,286.2279,43.0508,292.4769,41.2429,295.3168,45.7688,288.6431,47.7251
8,4,1038,17,286.3710,43.8537,291.4198,41.4013,295.0458,44.9819,289.8290,47.5932
8,4,1038,1106,287.3344,42.8755,292.7871,42.0383,294.1834,46.0221,288.3609,46.9190
9,1,25,17,287.3773,40.8247,295.5398,41.9034,294.3917,48.0680,285.3602,46.8706
9,1,25,1106,288.6907,41.5094,294.7292,42.9466,292.8549,47.4526,286.3931,45.9018
9,1,535,550,288.4391,40.6977,295.8114,42.6924,293.2031,48.2527,285.2161,46.0626
9,1,1038,17,288.2154,39.9062,296.8591,42.4470,293.5347,49.0320,284.0637,46.1955
9,1,1038,1106,289.5202,40.5814,296.0640,43.5001,291.9783,48.4052,285.1063,45.2376
9,2,25,17,290.0459,42.1851,293.8828,43.9946,291.3387,46.8111,287.3995,44.9137
9,2,25,1106,288.7041,41.5163,294.7208,42.9571,292.8395,47.4463,286.4033,45.8920
9,2,535,550,289.8037,41.3912,294.9689,43.7709,291.6268,47.6013,286.2681,45.0638
9,2,1038,17,290.8648,41.2481,295.2324,44.5581,290.4452,47.7512,286.1242,44.2607
9,2,1038,1106,289.5335,40.5881,296.0559,43.5107,291.9627,48.3987,285.1167,45.2279
9,3,25,17,291.7279,40.2262,296.7249,45.1520,289.4375,48.7621,284.7738,43.5359
9,3,25,1106,290.4102,39.5748,297.5318,44.0955,290.9706,49.4241,283.7552,44.4895
9,3,535,550,290.6803,40.3823,296.4311,44.3652,290.6510,48.6174,284.9043,44.3445
9,3,1038,17,290.9337,41.1689,295.3474,44.6057,290.3673,47.8302,286.0180,44.2043
9,3,1038,1106,289.6043,40.5086,296.1711,43.5581,291.8851,48.4798,285.0083,45.1697
9,4,25,17,289.1038,38.9027,298.3171,43.0225,292.5615,50.0710,282.6928,45.4437
9,4,25,1106,290.3970,39.5682,297.5398,44.0848,290.9863,49.4307,283.7447,44.4991
9,4,535,550,289.3279,39.6981,297.2572,43.2767,292.2457,49.2831,283.8405,45.3298
9,4,1038,17,288.2880,39.8265,296.9743,42.4941,293.4577,49.1151,283.9532,46.1356
9,4,1038,1106,289.5910,40.5019,296.1792,43.5475,291.9007,48.4862,284.9979,45.1794
10,1,25,17,289.4794,38.4756,298.9438,43.2659,292.1282,50.5088,282.1238,45.1150
10,1,25,1106,290.7698,39.1354,298.1769,44.3336,290.5426,49.8641,283.1769,44.1743
10,1,535,550,290.5013,38.3285,299.2679,44.0456,290.8714,50.6707,282.0275,44.3037
10,1,1038,17,290.2605,37.5414,300.3231,43.7670,291.1835,51.4562,280.9043,44.4066
10,1,1038,1106,291.5422,38.1925,299.5751,44.8446,289.5780,50.7987,281.9641,43.4764
10,2,25,17,292.0982,39.7865,297.3741,45.4069,288.9835,49.1920,284.2063,43.2142
10,2,25,1106,290.7830,39.1419,298.1690,44.3443,290.5268,49.8575,283.1874,44.1647
10,2,535,550,291.8404,38.9971,298.4719,45.1497,289.2480,49.9879,283.1001,43.3335
10,2,1038,17,292.8602,38.8357,298.7908,45.9280,288.0022,50.1128,283.0018,42.5270
10,2,1038,1106,291.5553,38.1990,299.5674,44.8555,289.5620,50.7919,281.9746,43.4669
10,3,25,17,293.6649,37.7991,300.3572,46.4737,286.8931,51.1016,281.7254,41.7670
10,3,25,1106,292.3723,37.1711,301.1116,45.3916,288.4690,51.7956,280.6916,42.6946
10,3,535,550,292.6573,37.9735,300.0043,45.6972,288.1741,50.9826,281.8137,42.5785
10,3,1038,17,292.9255,38.7554,298.9115,45.9727,287.9153,50.1898,282.9018,42.4670
10,3,1038,1106,291.6215,38.1194,299.6864,44.8994,289.4764,50.8701,281.8742,43.4059
10,4,25,17,291.0881,36.5233,301.8440,44.2934,290.1107,52.4740,279.6165,43.6223
10,4,25,1106,292.3594,37.1647,301.1191,45.3806,288.4852,51.8025,280.6810,42.7040
10,4,535,550,291.3293,37.3143,300.7782,44.5827,289.8168,51.6802,280.7341,43.5366
10,4,1038,17,290.3274,37.4626,300.4403,43.8101,291.0995,51.5355,280.8035,44.3448
10,4,1038,1106,291.6085,38.1129,299.6941,44.8885,289.4924,50.8769,281.8636,43.4154
11,1,25,17,288.4426,48.9568,284.5531,42.8724,292.5730,40.0066,297.0928,45.7841
11,1,25,1106,286.9550,48.2647,285.5295,41.9101,293.9215,40.6301,296.2569,46.8390
11,1,535,550,287.2155,49.0803,284.4273,42.0636,293.6096,39.8314,297.4066,46.5687
11,1,1038,17,287.4590,49.8743,283.3493,42.1910,293.3280,39.0516,298.5180,46.3063
11,1,1038,1106,285.9568,49.1696,284.3332,41.2381,294.6655,39.6663,297.7024,47.3722
11,2,25,17,285.4928,47.5472,286.4856,40.9296,295.3095,41.2432,295.3794,47.8983
11,2,25,1106,286.9402,48.2576,285.5392,41.9003,293.9353,40.6363,296.2483,46.8496
11,2,535,550,285.6948,48.3500,285.4233,41.0714,295.0078,40.4618,296.5376,47.6596
11,2,1038,17,284.4828,48.4385,285.2983,40.2674,296.0405,40.2714,296.8446,48.4428
11,2,1038,1106,285.9419,49.1624,284.3430,41.2284,294.6791,39.6724,297.6940,47.3830
11,3,25,17,283.3448,49.3977,284.0331,39.5345,296.8110,39.2093,298.4735,49.0125
11,3,25,1106,284.8146,50.1361,283.0701,40.4843,295.4644,38.6190,299.2991,47.9416
11,3,535,550,284.5885,49.3155,284.1492,40.3438,295.7920,39.4127,298.1288,48.2308
11,3,1038,17,284.3935,48.5160,285.1956,40.2093,296.1029,40.1863,296.9740,48.4891
11,3,1038,1106,285.8535,49.2411,284.2395,41.1695,294.7426,39.5879,297.8218,47.4283
11,4,25,17,286.3459,50.8621,282.0699,41.4358,294.1265,38.0079,300.0983,46.8539
11,4,25,1106,284.8297,50.1435,283.0602,40.4939,295.4509,38.6130,299.3073,47.9307
11,4,535,550,286.1228,50.0604,283.1449,41.3250,294.4077,38.7917,298.9743,47.1281
11,4,1038,17,287.3718,49.9543,283.2451,42.1311,293.3926,38.9677,298.6441,46.3508
11,4,1038,1106,285.8684,49.2484,284.2297,41.1792,294.7290,39.5818,297.8302,47.4176
12,1,25,17,290.8017,46.5819,287.7443,44.5556,290.5410,42.4181,293.5797,44.3701
12,1,25,1106,289.3501,45.9195,288.6973,43.5670,291.9202,43.0662,292.6989,45.3981
12,1,535,550,289.6352,46.7295,287.5735,43.7507,291.6219,42.2621,293.8357,45.1637
12,1,1038,17,289.9034,47.5183,286.4723,43.9070,291.3547,41.4774,294.9357,44.9366
12,1,1038,1106,288.4368,46.8445,287.4356,42.9283,292.7225,42.1157,294.0711,45.9757
12,2,25,17,287.9187,45.2327,289.6278,42.5604,293.3433,43.7032,291.7769,46.4296
12,2,25,1106,289.3356,45.9127,288.7068,43.5570,291.9343,43.0727,292.6898,45.4084
12,2,535,550,288.1484,46.0308,288.5458,42.7318,293.0538,42.9168,292.9186,46.2265
12,2,1038,17,286.9927,46.1454,288.3779,41.9317,294.1321,42.7436,293.1643,47.0184
12,2,1038,1106,288.4222,46.8376,287.4452,42.9184,292.7365,42.1220,294.0622,45.9861
12,3,25,17,285.9531,47.1271,287.0493,41.2348,294.9605,41.6963,294.7045,47.6376
12,3,25,1106,287.3948,47.8321,286.1065,42.2101,293.5802,41.0849,295.5828,46.5941
12,3,535,550,287.1375,47.0169,287.2069,42.0404,293.8979,41.8837,294.4239,46.8461
12,3,1038,17,286.9118,46.2223,288.2732,41.8771,294.1989,42.6621,293.2832,47.0683
12,3,1038,1106,288.3425,46.9152,287.3401,42.8631,292.8041,42.0416,294.1792,46.0349
12,4,25,17,288.8913,48.5249,285.1250,43.1874,292.2117,40.4515,296.4355,45.5332
12,4,25,1106,287.4095,47.8392,286.0969,42.2199,293.5664,41.0787,295.5915,46.5835
12,4,535,550,288.6391,47.7283,286.2239,43.0481,292.4802,41.2398,295.3217,45.7712
12,4,1038,17,289.8252,47.5966,286.3669,43.8511,291.4230,41.3981,295.0508,44.9843
12,4,1038,1106,288.3571,46.9221,287.3305,42.8730,292.7902,42.0353,294.1881,46.0244
13,1,25,17,292.9659,44.1606,291.1231,46.1483,288.3426,44.7928,290.2353,42.8500
13,1,25,1106,291.5510,43.5243,292.0449,45.1330,289.7524,45.4686,289.3185,43.8508
13,1,535,550,291.8539,44.3288,290.9015,45.3490,289.4728,44.6589,290.4385,43.6505
13,1,1038,17,292.1401,45.1124,289.7790,45.5364,289.2244,43.8691,291.5233,43.4570
13,1,1038,1106,290.7104,44.4660,290.7144,44.5312,290.6229,44.5340,290.6190,44.4688
13,2,25,17,290.1518,42.8648,292.9423,44.0999,291.2112,46.1326,288.3614,44.8543
13,2,25,1106,291.5369,43.5178,292.0540,45.1227,289.7668,45.4753,289.3090,43.8609
13,2,535,550,290.4025,43.6581,291.8426,44.3028,290.9386,45.3412,289.4830,44.6850
13,2,1038,17,289.2983,43.7953,291.6269,43.5083,292.0680,45.1879,289.6734,45.4834
13,2,1038,1106,290.6961,44.4594,290.7237,44.5210,290.6372,44.5406,290.6097,44.4790
13,3,25,17,288.3421,44.7983,290.2278,42.8499,292.9655,44.1551,291.1310,46.1483
13,3,25,1106,289.7522,45.4741,289.3110,43.8507,291.5509,43.5190,292.0525,45.1329
13,3,535,550,289.4724,44.6643,290.4311,43.6504,291.8539,44.3234,290.9092,45.3491
13,3,1038,17,289.2239,43.8744,291.5158,43.4569,292.1401,45.1070,289.7867,45.5366
13,3,1038,1106,290.6228,44.5393,290.6116,44.4687,290.7105,44.4607,290.7218,44.5313
13,4,25,17,291.2114,46.1380,288.3540,44.8543,290.1518,42.8596,292.9496,44.0997
13,4,25,1106,289.7667,45.4808,289.3016,43.8608,291.5367,43.5125,292.0616,45.1226
13,4,535,550,290.9386,45.3466,289.4755,44.6849,290.4026,43.6529,291.8500,44.3028
13,4,1038,17,292.0682,45.1932,289.6659,45.4833,289.2986,43.7902,291.6341,43.5083
13,4,1038,1106,290.6371,44.5460,290.6023,44.4789,290.6962,44.4540,290.7311,44.5211
14,1,25,17,290.5414,42.4285,293.5649,44.3708,290.8012,46.5712,287.7592,44.5556
14,1,25,1106,291.9220,43.0756,292.6853,45.3994,289.3489,45.9098,288.7105,43.5661
14,1,535,550,291.6225,42.2716,293.8220,45.1643,289.6351,46.7196,287.5869,43.7509
14,1,1038,17,291.3539,41.4869,294.9218,44.9364,289.9046,47.5082,286.4859,43.9082
14,1,1038,1106,292.7232,42.1242,294.0585,45.9762,288.4371,46.8355,287.4476,42.9285
14,2,25,17,293.3466,43.7115,291.7646,46.4317,287.9165,45.2241,289.6393,42.5585
14,2,25,1106,291.9362,43.0821,292.6763,45.4098,289.3344,45.9031,288.7199,43.5561
14,2,535,550,293.0557,42.9253,292.9062,46.2279,288.1475,46.0221,288.5576,42.7309
14,2,1038,17,294.1342,42.7511,293.1531,47.0196,286.9921,46.1375,288.3883,41.9310
14,2,1038,1106,292.7371,42.1306,294.0496,45.9866,288.4225,46.8287,287.4571,42.9186
14,3,25,17,294.9625,41.7018,294.6961,47.6389,285.9526,47.1211,287.0570,41.2341
14,3,25,1106,293.5820,41.0903,295.5746,46.5955,287.3939,47.8261,286.1143,42.2094
14,3,535,550,293.8999,41.8892,294.4155,46.8475,287.1366,47.0109,287.2147,42.0395
14,3,1038,17,294.2010,42.6677,293.2748,47.0696,286.9109,46.2163,288.2811,41.8761
14,3,1038,1106,292.8059,42.0472,294.1709,46.0362,288.3414,46.9092,287.3481,42.8623
14,4,25,17,292.2132,40.4570,296.4273,45.5345,288.8902,48.5187,285.1332,43.1869
14,4,25,1106,293.5682,41.0841,295.5833,46.5849,287.4087,47.8331,286.1047,42.2192
14,4,535,550,292.4817,41.2453,295.3135,45.7725,288.6381,47.7223,286.2319,43.0475
14,4,1038,17,291.4244,41.4037,295.0426,44.9855,289.8240,47.5905,286.3750,43.8505
14,4,1038,1106,292.7919,42.0409,294.1798,46.0257,288.3561,46.9161,287.3385,42.8722
15,1,25,17,292.5751,40.0098,297.0878,45.7858,288.4408,48.9527,284.5582,42.8713
15,1,25,1106,293.9235,40.6340,296.2509,46.8404,286.9540,48.2601,285.5353,41.9092
15,1,535,550,293.6120,39.8350,297.4010,46.5706,287.2138,49.0758,284.4329,42.0624
15,1,1038,17,293.3308,39.0550,298.5127,46.3086,287.4566,49.8699,283.3548,42.1894
15,1,1038,1106,294.6682,39.6703,297.6961,47.3743,285.9551,49.1647,284.3393,41.2368
15,2,25,17,295.3114,41.2476,295.3724,47.8995,285.4925,47.5422,286.4919,40.9289
15,2,25,1106,293.9372,40.6402,296.2422,46.8510,286.9391,48.2531,285.5450,41.8995
15,2,535,550,295.0101,40.4660,296.5309,47.6612,285.6938,48.3450,285.4296,41.0704
15,2,1038,17,296.0432,40.2759,296.8372,48.4446,284.4819,48.4331,285.3050,40.2663
15,2,1038,1106,294.6818,39.6764,297.6877,47.3850,285.9402,49.1574,284.3491,41.2271
15,3,25,17,296.8142,39.2145,298.4650,49.0148,283.3437,49.3914,284.0408,39.5332
15,3,25,1106,295.4674,38.6241,299.2910,47.9440,284.8130,50.1299,283.0777,40.4831
15,3,535,550,295.7952,39.4179,298.1205,48.2331,284.5871,49.3092,284.1569,40.3425
15,3,1038,17,296.1060,40.1916,296.9655,48.4912,284.3922,48.5098,285.2034,40.2080
15,3,1038,1106,294.7455,39.5931,297.8137,47.4305,285.8518,49.2349,284.2473,41.1683
15,4,25,17,294.1293,38.0129,300.0904,46.8564,286.3440,50.8559,282.0776,41.4346
15,4,25,1106,295.4539,38.6181,299.2992,47.9332,284.8281,50.1372,283.0679,40.4926
15,4,535,550,294.4105,38.7967,298.9664,47.1304,286.1211,50.0542,283.1526,41.3238
15,4,1038,17,293.3952,38.9728,298.6363,46.3530,287.3698,49.9482,283.2528,42.1300
15,4,1038,1106,294.7319,39.5870,297.8221,47.4198,285.8668,49.2422,284.2375,41.1779
16,1,25,17,292.1304,50.5180,282.1112,45.1152,289.4781,38.4673,298.9556,43.2639
16,1,25,1106,290.5455,49.8725,283.1656,44.1754,290.7673,39.1279,298.1876,44.3310
16,1,535,550,290.8733,50.6792,282.0162,44.3040,290.4998,38.3210,299.2787,44.0436
16,1,1038,17,291.1843,51.4649,280.8930,44.4061,290.2600,37.5339,300.3341,43.7656
16,1,1038,1106,289.5795,50.8065,281.9539,43.4767,291.5406,38.1857,299.5851,44.8427
16,2,25,17,288.9871,49.1996,284.1963,43.2162,292.0945,39.7798,297.3839,45.4037
16,2,25,1106,290.5297,49.8658,283.1761,44.1659,290.7805,39.1345,298.1797,44.3417
16,2,535,550,289.2506,49.9956,283.0901,43.3347,291.8377,38.9904,298.4818,45.1471
16,2,1038,17,288.0045,50.1198,282.9928,42.5283,292.8574,38.8298,298.7997,45.9254
16,2,1038,1106,289.5636,50.7997,281.9645,43.4673,291.5537,38.1922,299.5774,44.8535
16,3,25,17,286.8945,51.1077,281.7178,41.7678,293.6627,37.7942,300.3649,46.4717
16,3,25,1106,288.4698,51.8026,280.6829,42.6947,292.3711,37.1654,301.1204,45.3900
16,3,535,550,288.1759,50.9894,281.8050,42.5794,292.6550,37.9679,300.0128,45.6950
16,3,1038,17,287.9181,50.1965,282.8933,42.4686,292.9223,38.7499,298.9199,45.9699
16,3,1038,1106,289.4786,50.8776,281.8644,43.4068,291.6194,38.1130,299.6959,44.8971
16,4,25,17,290.1109,52.4819,279.6065,43.6215,291.0878,36.5167,301.8540,44.2923
16,4,25,1106,288.4860,51.8095,280.6723,42.7040,292.3581,37.1589,301.1279,45.3790
16,4,535,550,289.8180,51.6879,280.7242,43.5366,291.3281,37.3078,300.7878,44.5810
16,4,1038,17,291.1011,51.5439,280.7925,44.3448,290.3263,37.4554,300.4508,43.8083
16,4,1038,1106,289.4946,50.8844,281.8539,43.4162,291.6063,38.1065,299.7036,44.8862
17,1,25,17,294.3955,48.0762,285.3483,46.8720,287.3754,40.8169,295.5504,41.9011
17,1,25,1106,292.8594,47.4597,286.3829,45.9042,288.6874,41.5027,294.7384,42.9435
17,1,535,550,293.2064,48.2600,285.2056,46.0639,288.4371,40.6909,295.8209,42.6901
17,1,1038,17,293.5368,49.0397,284.0530,46.1958,288.2147,39.8993,296.8689,42.4455
17,1,1038,1106,291.9810,48.4117,285.0973,45.2389,289.5182,40.5755,296.0724,43.4981
17,2,25,17,291.3439,46.8171,287.3911,44.9170,290.0413,42.1794,293.8906,43.9909
17,2,25,1106,292.8440,47.4533,286.3932,45.8943,288.7008,41.5096,294.7301,42.9540
17,2,535,550,291.6308,47.6075,286.2595,45.0661,289.8004,41.3855,294.9769,43.7680
17,2,1038,17,290.4487,47.7566,286.1169,44.2629,290.8615,41.2433,295.2393,44.5554
17,2,1038,1106,291.9655,48.4052,285.1077,45.2291,289.5315,40.5822,296.0642,43.5087
17,3,25,17,289.4397,48.7675,284.7667,43.5372,291.7257,40.2215,296.7318,45.1501
17,3,25,1106,290.9731,49.4298,283.7475,44.4906,290.4082,39.5699,297.5389,44.0935
17,3,535,550,290.6537,48.6229,284.8969,44.3459,290.6780,40.3774,296.4381,44.3631
17,3,1038,17,290.3701,47.8356,286.0107,44.2059,290.9311,41.1640,295.3544,44.6034
17,3,1038,1106,291.8882,48.4855,285.0004,45.1712,289.6020,40.5035,296.1783,43.5559
17,4,25,17,292.5643,50.0771,282.6845,45.4446,289.1021,38.8975,298.3246,43.0204
17,4,25,1106,290.9888,49.4364,283.7370,44.5002,290.3950,39.5633,297.5470,44.0828
17,4,535,550,292.2486,49.2889,283.8325,45.3311,289.3259,39.6930,297.2645,43.2746
17,4,1038,17,293.4610,49.1211,283.9448,46.1369,288.2860,39.8212,296.9818,42.4919
17,4,1038,1106,291.9037,48.4919,284.9900,45.1809,289.5887,40.4968,296.1865,43.5453
18,1,25,17,293.5761,44.3738,290.7965,46.5791,287.7486,44.5521,290.5458,42.4208
18,1,25,1106,292.6942,45.4013,289.3458,45.9160,288.7022,43.5640,291.9246,43.0695
18,1,535,550,293.8313,45.1675,289.6300,46.7260,287.5784,43.7473,291.6269,42.2653
18,1,1038,17,294.9316,44.9409,289.8973,47.5149,286.4773,43.9031,291.3603,41.4804
18,1,1038,1106,294.0659,45.9795,288.4317,46.8405,287.4412,42.9249,292.7277,42.1193
18,2,25,17,291.7711,46.4323,287.9153,45.2285,289.6334,42.5579,293.3472,43.7071
18,2,25,1106,292.6852,45.4116,289.3313,45.9092,288.7116,43.5540,291.9386,43.0760
18,2,535,550,292.9131,46.2299,288.1442,46.0267,288.5514,42.7288,293.0583,42.9206
18,2,1038,17,293.1580,47.0218,286.9886,46.1407,288.3841,41.9288,294.1368,42.7479
18,2,1038,1106,294.0570,45.9900,288.4171,46.8336,287.4508,42.9149,292.7416,42.1257
18,3,25,17,294.7032,47.6417,285.9478,47.1256,287.0513,41.2312,294.9659,41.6972
18,3,25,1106,295.5818,46.5982,287.3891,47.8307,286.1085,42.2063,293.5856,41.0858
18,3,535,550,294.4227,46.8502,287.1320,47.0155,287.2087,42.0366,293.9033,41.8846
18,3,1038,17,293.2818,47.0722,286.9065,46.2209,288.2750,41.8734,294.2043,42.6630
18,3,1038,1106,294.1781,46.0389,288.3369,46.9140,287.3419,42.8593,292.8095,42.0425
18,4,25,17,296.4346,45.5373,288.8853,48.5236,285.1271,43.1835,292.2171,40.4523
18,4,25,1106,295.5905,46.5876,287.4038,47.8378,286.0989,42.2161,293.5718,41.0795
18,4,535,550,295.3207,45.7753,288.6333,47.7271,286.2258,43.0443,292.4855,41.2407
18,4,1038,17,295.0499,44.9883,289.8194,47.5954,286.3687,43.8472,291.4284,41.3989
18,4,1038,1106,294.1870,46.0284,288.3516,46.9209,287.3323,42.8692,292.7955,42.0361
19,1,25,17,295.5461,41.9056,294.3885,48.0727,285.3543,46.8678,287.3810,40.8206
19,1,25,1106,294.7339,42.9480,292.8527,47.4560,286.3887,45.8999,288.6931,41.5063
19,1,535,550,295.8166,42.6947,293.1995,48.2564,285.2115,46.0597,288.4427,40.6945
19,1,1038,17,296.8646,42.4501,293.5297,49.0360,284.0591,46.1917,288.2203,39.9029
19,1,1038,1106,296.0679,43.5026,291.9743,48.4079,285.1032,45.2347,289.5238,40.5791
19,2,25,17,293.8859,43.9953,291.3375,46.8134,287.3966,44.9128,290.0471,42.1830
19,2,25,1106,294.7255,42.9585,292.8373,47.4497,286.3990,45.8901,288.7065,41.5132
19,2,535,550,294.9723,43.7725,291.6242,47.6038,286.2652,45.0619,289.8061,41.3890
19,2,1038,17,295.2347,44.5600,290.4423,47.7527,286.1226,44.2588,290.8673,41.2469
19,2,1038,1106,296.0598,43.5132,291.9588,48.4015,285.1136,45.2250,289.5371,40.5858
19,3,25,17,296.7336,45.1545,289.4330,48.7680,284.7664,43.5327,291.7316,40.2205
19,3,25,1106,297.5400,44.0978,290.9664,49.4298,283.7480,44.4863,290.4138,39.5695
19,3,535,550,296.4394,44.3677,290.6466,48.6231,284.8971,44.3412,290.6841,40.3769
19,3,1038,17,295.3558,44.6084,290.3627,47.8359,286.0106,44.2009,290.9377,41.1633
19,3,1038,1106,296.1790,43.5606,291.8809,48.4854,285.0011,45.1664,289.6083,40.5034
19,4,25,17,298.3250,43.0245,292.5578,50.0766,282.6859,45.4405,289.1074,38.8977
19,4,25,1106,297.5480,44.0871,290.9821,49.4364,283.7376,44.4959,290.4006,39.5629
19,4,535,550,297.2651,43.2790,292.2417,49.2887,283.8335,45.3266,289.3317,39.6930
19,4,1038,17,296.9819,42.4964,293.4538,49.1207,283.9463,46.1323,288.2919,39.8216
19,4,1038,1106,296.1872,43.5500,291.8964,48.4919,284.9907,45.1761,289.5950,40.4966
20,1,25,17,295.8093,41.4634,295.0490,48.2730,284.9848,47.2810,286.8272,40.5800
20,1,25,1106,297.2194,42.0467,294.1318,49.3130,283.5894,46.5475,287.7354,39.5983
20,1,535,550,296.8591,41.2577,295.3486,49.0629,283.7907,47.3697,286.6765,39.7739
20,1,1038,17,296.5320,40.4866,296.5241,48.8190,283.9749,48.1699,285.6400,39.9237
20,1,1038,1106,297.9283,41.0610,295.6284,49.8713,282.5692,47.4241,286.5563,38.9505
20,2,25,17,298.6702,42.6176,293.1661,50.3561,282.2177,45.7903,288.6265,38.5994
20,2,25,1106,297.2338,42.0525,294.1223,49.3235,283.5755,46.5400,287.7445,39.5884
20,2,535,550,298.3197,41.8457,294.3932,50.1386,282.3659,46.5980,287.6043,38.7618
20,2,1038,17,299.3633,41.6239,294.6834,50.9270,281.1897,46.6539,287.4565,37.9604
20,2,1038,1106,297.9425,41.0668,295.6192,49.8819,282.5552,47.4165,286.5654,38.9407
20,3,25,17,300.0918,40.5385,296.3757,51.5240,280.0354,47.5826,286.2069,37.2536
20,3,25,1106,298.6886,39.9907,297.2850,50.4661,281.4079,48.3585,285.3083,38.2239
20,3,535,550,299.0644,40.7737,296.0428,50.7371,281.2395,47.5325,286.3476,38.0601
20,3,1038,17,299.4231,41.5371,294.8173,50.9762,281.0981,46.7286,287.3556,37.9039
20,3,1038,1106,298.0033,40.9813,295.7502,49.9297,282.4648,47.4918,286.4645,38.8837
20,4,25,17,297.2937,39.4211,298.1619,49.3904,282.8375,49.1246,284.3767,39.1973
20,4,25,1106,298.6745,39.9851,297.2939,50.4554,281.4220,48.3662,285.2991,38.2337
20,4,535,550,297.6201,40.1957,296.9721,49.6478,282.6740,48.3177,285.4119,39.0627
20,4,1038,17,296.5936,40.4026,296.6522,48.8654,283.8859,48.2457,285.5392,39.8664
20,4,1038,1106,297.9891,40.9756,295.7595,49.9191,282.4788,47.4994,286.4554,38.8936
22,1,25,17,295.0577,48.2751,284.9807,47.2866,286.8201,40.5777,295.8116,41.4578
22,1,25,1106,294.1395,49.3145,283.5863,46.5523,287.7293,39.5968,297.2206,42.0418
22,1,535,550,295.3565,49.0649,283.7866,47.3746,286.6703,39.7718,296.8612,41.2528
22,1,1038,17,296.5322,48.8216,283.9698,48.1748,285.6339,39.9209,296.5350,40.4816
22,1,1038,1106,295.6356,49.8734,282.5650,47.4283,286.5510,38.9484,297.9303,41.0567
22,2,25,17,293.1729,50.3571,282.2153,45.7945,288.6211,38.5986,298.6705,42.6133
22,2,25,1106,294.1301,49.3250,283.5724,46.5448,287.7383,39.5869,297.2350,42.0477
22,2,535,550,294.4000,50.1401,282.3626,46.6022,287.5991,38.7604,298.3209,41.8415
22,2,1038,17,294.6895,50.9286,281.1864,46.6574,287.4521,37.9590,299.3645,41.6202
22,2,1038,1106,295.6263,49.8840,282.5510,47.4207,286.5601,38.9385,297.9446,41.0624
22,3,25,17,296.3762,51.5252,280.0334,47.5826,286.2071,37.2529,300.0928,40.5385
22,3,25,1106,297.2873,50.4680,281.4046,48.3596,285.3072,38.2224,298.6904,39.9896
22,3,535,550,296.0447,50.7380,281.2378,47.5335,286.3466,38.0596,299.0649,40.7728
22,3,1038,17,294.8188,50.9763,281.0976,46.7295,287.3547,37.9042,299.4225,41.5364
22,3,1038,1106,295.7535,49.9305,282.4631,47.4938,286.4622,38.8831,298.0038,40.9795
22,4,25,17,298.1662,49.3929,282.8329,49.1269,284.3742,39.1948,297.2966,39.4188
22,4,25,1106,297.2963,50.4573,281.4187,48.3673,285.2980,38.2321,298.6764,39.9840
22,4,535,550,296.9758,49.6495,282.6708,48.3197,285.4095,39.0611,297.6218,40.1937
22,4,1038,17,296.6572,48.8669,283.8829,48.2488,285.5356,39.8649,296.5952,40.3996
22,4,1038,1106,295.7627,49.9199,282.4771,47.5014,286.4531,38.8930,297.9896,40.9738
23,1,25,17,297.0928,45.7880,288.4369,48.9560,284.5544,42.8687,292.5781,40.0068
23,1,25,1106,296.2559,46.8427,286.9499,48.2633,285.5314,41.9067,293.9264,40.6309
23,1,535,550,297.4061,46.5728,287.2096,49.0791,284.4292,42.0598,293.6149,39.8320
23,1,1038,17,298.5179,46.3108,287.4524,49.8732,283.3511,42.1868,293.3337,39.0520
23,1,1038,1106,297.7014,47.3765,285.9508,49.1679,284.3356,41.2342,294.6711,39.6672
23,2,25,17,295.3774,47.9019,285.4882,47.5452,286.4882,40.9264,295.3143,41.2445
23,2,25,1106,296.2473,46.8534,286.9350,48.2562,285.5412,41.8969,293.9402,40.6371
23,2,535,550,296.5361,47.6636,285.6895,48.3482,285.4258,41.0679,295.0130,40.4629
23,2,1038,17,296.8426,48.4470,284.4774,48.4363,285.3012,40.2638,296.0460,40.2728
23,2,1038,1106,297.6930,47.3873,285.9359,49.1607,284.3454,41.2246,294.6847,39.6733
23,3,25,17,298.4717,49.0165,283.3397,49.3954,284.0361,39.5312,296.8161,39.2106
23,3,25,1106,299.2973,47.9455,284.8095,50.1337,283.0733,40.4811,295.4693,38.6205
23,3,535,550,298.1268,48.2348,284.5833,49.3131,284.1523,40.3404,295.7972,39.4142
23,3,1038,17,296.9719,48.4932,284.3882,48.5136,285.1987,40.2058,296.1083,40.1878
23,3,1038,1106,297.8196,47.4323,285.8482,49.2387,284.2429,41.1661,294.7477,39.5896
23,4,25,17,300.0963,46.8577,286.3408,50.8596,282.0734,41.4326,294.1311,38.0095
23,4,25,1106,299.3055,47.9347,284.8246,50.1411,283.0634,40.4906,295.4558,38.6145
23,4,535,550,298.9723,47.1320,286.1176,50.0579,283.1483,41.3217,294.4125,38.7933
23,4,1038,17,298.6419,46.3546,287.3665,49.9518,283.2487,42.1279,293.3974,38.9695
23,4,1038,1106,297.8280,47.4216,285.8631,49.2459,284.2331,41.1758,294.7341,39.5835
24,1,25,17,298.9530,43.2680,292.1241,50.5153,282.1158,45.1116,289.4831,38.4697
24,1,25,1106,298.1845,44.3351,290.5394,49.8694,283.1705,44.1718,290.7724,39.1305
24,1,535,550,299.2760,44.0479,290.8668,50.6763,282.0209,44.3002,290.5050,38.3234
24,1,1038,17,300.3317,43.7701,291.1774,51.4621,280.8976,44.4022,290.2654,37.5361
24,1,1038,1106,299.5821,44.8472,289.5729,50.8033,281.9589,43.4728,291.5461,38.1883
24,2,25,17,297.3801,45.4080,288.9813,49.1961,284.2014,43.2126,292.0998,39.7828
24,2,25,1106,298.1766,44.3459,290.5236,49.8628,283.1809,44.1622,290.7856,39.1371
24,2,535,550,298.4784,45.1515,289.2444,49.9923,283.0951,43.3310,291.8431,38.9931
24,2,1038,17,298.7961,45.9300,287.9982,50.1162,282.9980,42.5245,292.8630,38.8327
24,2,1038,1106,299.5744,44.8581,289.5569,50.7966,281.9694,43.4634,291.5592,38.1948
24,3,25,17,300.3664,46.4763,286.8874,51.1074,281.7185,41.7633,293.6687,37.7936
24,3,25,1106,301.1221,45.3944,288.4627,51.8024,280.6837,42.6903,292.3767,37.1647
24,3,535,550,300.0142,45.6995,288.1688,50.9892,281.8059,42.5749,292.6609,37.9674
24,3,1038,17,298.9209,45.9745,287.9110,50.1961,282.8941,42.4641,292.9283,38.7495
24,3,1038,1106,299.6971,44.9014,289.4717,50.8774,281.8653,43.4024,291.6250,38.1126
24,4,25,17,301.8556,44.2964,290.1038,52.4819,279.6074,43.6173,291.0932,36.5161
24,4,25,1106,301.1295,45.3834,288.4789,51.8093,280.6731,42.6996,292.3638,37.1583
24,4,535,550,300.7893,44.5852,289.8111,51.6878,280.7251,43.5324,291.3335,37.3073
24,4,1038,17,300.4521,43.8124,291.0944,51.5438,280.7934,44.3406,290.3316,37.4550
24,4,1038,1106,299.7048,44.8906,289.4877,50.8842,281.8548,43.4119,291.6119,38.1061
